"name","start_date","type","distance_km","moving_time_min","cycle_phase","cycle_day","cycle_id","user_id"
"Evening Run",2023-05-22,"Run",5.13,30.8,"Menstrual",2,1,"19777d02-d07c-45e5-a48b-2a352a3cebba"
"Morning Run",2023-05-24,"Run",4.85,33.5,"Menstrual",4,1,"19777d02-d07c-45e5-a48b-2a352a3cebba"
"Evening Run",2023-05-26,"Run",4.86,27.5,"Follicular",6,1,"19777d02-d07c-45e5-a48b-2a352a3cebba"
"Lunch Run",2023-05-27,"Run",8.06,54.7,"Follicular",7,1,"19777d02-d07c-45e5-a48b-2a352a3cebba"
"Evening Run",2023-05-29,"Run",4.85,29.4,"Follicular",9,1,"19777d02-d07c-45e5-a48b-2a352a3cebba"
"Evening Run",2023-05-30,"Run",5.22,31.5,"Follicular",10,1,"19777d02-d07c-45e5-a48b-2a352a3cebba"
"Lunch Run",2023-06-02,"Run",5.23,29.9,"Follicular",13,1,"19777d02-d07c-45e5-a48b-2a352a3cebba"
"Lunch Run",2023-06-03,"Run",9.66,61.8,"Ovulatory",14,1,"19777d02-d07c-45e5-a48b-2a352a3cebba"
"Morning Run",2023-06-05,"Run",4.85,28.5,"Ovulatory",16,1,"19777d02-d07c-45e5-a48b-2a352a3cebba"
"Lunch Run",2023-06-07,"Run",7.87,46.7,"Luteal",18,1,"19777d02-d07c-45e5-a48b-2a352a3cebba"
"Evening Run",2023-06-08,"Run",1.81,10.5,"Luteal",19,1,"19777d02-d07c-45e5-a48b-2a352a3cebba"
"Afternoon Run",2023-06-09,"Run",4.85,27,"Luteal",20,1,"19777d02-d07c-45e5-a48b-2a352a3cebba"
"Afternoon Run",2023-06-10,"Run",11.33,75.1,"Luteal",21,1,"19777d02-d07c-45e5-a48b-2a352a3cebba"
"Afternoon Run",2023-06-11,"Run",1.85,11.1,"Luteal",22,1,"19777d02-d07c-45e5-a48b-2a352a3cebba"
"Lunch Run",2023-06-11,"Run",1.8,9.7,"Luteal",22,1,"19777d02-d07c-45e5-a48b-2a352a3cebba"
"Afternoon Run",2023-06-12,"Run",5.63,30.8,"Luteal",23,1,"19777d02-d07c-45e5-a48b-2a352a3cebba"
"Afternoon Run",2023-06-14,"Run",6.5,35.9,"Luteal",25,1,"19777d02-d07c-45e5-a48b-2a352a3cebba"
"Morning Run",2023-06-16,"Run",4.86,30.2,"Luteal",27,1,"19777d02-d07c-45e5-a48b-2a352a3cebba"
"Lunch Run",2023-06-17,"Run",12.9,79.1,"Luteal",28,1,"19777d02-d07c-45e5-a48b-2a352a3cebba"
"Afternoon Run",2023-06-19,"Run",8.24,49.6,"Luteal",30,1,"19777d02-d07c-45e5-a48b-2a352a3cebba"
"Lunch Run",2023-06-21,"Run",5.07,28.4,"Luteal",32,1,"19777d02-d07c-45e5-a48b-2a352a3cebba"
"Afternoon Run",2023-06-22,"Run",1.13,6.5,"Luteal",33,1,"19777d02-d07c-45e5-a48b-2a352a3cebba"
"Lunch Run",2023-06-24,"Run",8.36,55.4,"Luteal",35,1,"19777d02-d07c-45e5-a48b-2a352a3cebba"
"Morning Run",2023-06-26,"Run",4.89,28,"Luteal",37,1,"19777d02-d07c-45e5-a48b-2a352a3cebba"
"Morning Run",2023-06-27,"Run",6.46,39.6,"Luteal",38,1,"19777d02-d07c-45e5-a48b-2a352a3cebba"
"Afternoon Run",2023-06-28,"Run",5.2,29.4,"Menstrual",1,2,"19777d02-d07c-45e5-a48b-2a352a3cebba"
"Evening Run",2023-06-29,"Run",1.74,9.8,"Menstrual",2,2,"19777d02-d07c-45e5-a48b-2a352a3cebba"
"Afternoon Run",2023-06-30,"Run",5.49,30.8,"Menstrual",3,2,"19777d02-d07c-45e5-a48b-2a352a3cebba"
"Afternoon Run",2023-07-01,"Run",14.51,98.7,"Menstrual",4,2,"19777d02-d07c-45e5-a48b-2a352a3cebba"
"Evening Run",2023-07-03,"Run",4.85,29.8,"Follicular",6,2,"19777d02-d07c-45e5-a48b-2a352a3cebba"
"Afternoon Run",2023-07-05,"Run",8.07,47.9,"Follicular",8,2,"19777d02-d07c-45e5-a48b-2a352a3cebba"
"Lunch Run",2023-07-07,"Run",4.84,31.2,"Follicular",10,2,"19777d02-d07c-45e5-a48b-2a352a3cebba"
"Afternoon Run",2023-07-08,"Run",16.14,105,"Follicular",11,2,"19777d02-d07c-45e5-a48b-2a352a3cebba"
"Evening Run",2023-07-10,"Run",5.68,32.8,"Follicular",13,2,"19777d02-d07c-45e5-a48b-2a352a3cebba"
"Evening Run",2023-07-11,"Run",8.05,54.5,"Ovulatory",14,2,"19777d02-d07c-45e5-a48b-2a352a3cebba"
"Morning Run",2023-07-13,"Run",4.85,29.6,"Ovulatory",16,2,"19777d02-d07c-45e5-a48b-2a352a3cebba"
"Afternoon Run",2023-07-15,"Run",13.2,83.8,"Luteal",18,2,"19777d02-d07c-45e5-a48b-2a352a3cebba"
"Afternoon Run",2023-07-18,"Run",4.85,30.5,"Luteal",21,2,"19777d02-d07c-45e5-a48b-2a352a3cebba"
"Evening Run",2023-07-18,"Run",4.85,27.4,"Luteal",21,2,"19777d02-d07c-45e5-a48b-2a352a3cebba"
"Afternoon Run",2023-07-19,"Run",1.64,10.2,"Luteal",22,2,"19777d02-d07c-45e5-a48b-2a352a3cebba"
"Lunch Run",2023-07-20,"Run",8.06,53.4,"Luteal",23,2,"19777d02-d07c-45e5-a48b-2a352a3cebba"
"Afternoon Run",2023-07-22,"Run",19.33,131.9,"Luteal",25,2,"19777d02-d07c-45e5-a48b-2a352a3cebba"
"Morning Run",2023-07-25,"Run",4.97,31.4,"Luteal",28,2,"19777d02-d07c-45e5-a48b-2a352a3cebba"
"Morning Run",2023-07-27,"Run",8.34,55.3,"Luteal",30,2,"19777d02-d07c-45e5-a48b-2a352a3cebba"
"Morning Run",2023-07-29,"Run",21.2,131.8,"Luteal",32,2,"19777d02-d07c-45e5-a48b-2a352a3cebba"
"Morning Run",2023-08-22,"Run",1.48,8.5,"Luteal",23,2,"19777d02-d07c-45e5-a48b-2a352a3cebba"
"Night Run",2023-08-25,"Run",4.84,31.2,"Menstrual",2,2,"19777d02-d07c-45e5-a48b-2a352a3cebba"
"Morning Run",2023-09-07,"Run",4.43,25.9,"Ovulatory",15,2,"19777d02-d07c-45e5-a48b-2a352a3cebba"
"Afternoon Run",2023-09-12,"Run",5.07,30.8,"Luteal",20,2,"19777d02-d07c-45e5-a48b-2a352a3cebba"
"Morning Run",2023-09-19,"Run",5.15,30.1,"Menstrual",5,2,"19777d02-d07c-45e5-a48b-2a352a3cebba"
"Lunch Run",2023-09-23,"Run",4.54,27.8,"Follicular",9,2,"19777d02-d07c-45e5-a48b-2a352a3cebba"
"Morning Run",2023-09-26,"Run",4.84,29.5,"Follicular",12,2,"19777d02-d07c-45e5-a48b-2a352a3cebba"
"Morning Run",2023-09-28,"Run",4.85,25.5,"Ovulatory",14,2,"19777d02-d07c-45e5-a48b-2a352a3cebba"
"Afternoon Run",2023-09-30,"Run",3.39,19.4,"Ovulatory",16,2,"19777d02-d07c-45e5-a48b-2a352a3cebba"
"Afternoon Run",2023-10-01,"Run",14.95,89.3,"Luteal",17,2,"19777d02-d07c-45e5-a48b-2a352a3cebba"
"Evening Run",2023-10-03,"Run",4.85,25.4,"Luteal",19,2,"19777d02-d07c-45e5-a48b-2a352a3cebba"
"Morning Run",2023-10-05,"Run",3.22,19.8,"Luteal",21,2,"19777d02-d07c-45e5-a48b-2a352a3cebba"
"Lunch Run",2023-10-07,"Run",9.67,57.3,"Luteal",23,2,"19777d02-d07c-45e5-a48b-2a352a3cebba"
"Afternoon Run",2023-10-11,"Run",6.46,36.1,"Menstrual",3,2,"19777d02-d07c-45e5-a48b-2a352a3cebba"
"Afternoon Run",2023-10-12,"Run",4.85,26.6,"Menstrual",4,2,"19777d02-d07c-45e5-a48b-2a352a3cebba"
"Afternoon Run",2023-10-14,"Run",12.91,82.9,"Follicular",6,2,"19777d02-d07c-45e5-a48b-2a352a3cebba"
"Afternoon Run",2023-10-18,"Run",6.47,38.2,"Follicular",10,2,"19777d02-d07c-45e5-a48b-2a352a3cebba"
"Lunch Run",2023-10-20,"Run",19.32,118.1,"Follicular",12,2,"19777d02-d07c-45e5-a48b-2a352a3cebba"
"Evening Run",2023-10-24,"Run",6.45,31.6,"Ovulatory",16,2,"19777d02-d07c-45e5-a48b-2a352a3cebba"
"Morning Run",2023-10-27,"Run",9.66,62.4,"Luteal",19,2,"19777d02-d07c-45e5-a48b-2a352a3cebba"
"Afternoon Run",2023-11-02,"Run",4.85,24,"Menstrual",3,2,"19777d02-d07c-45e5-a48b-2a352a3cebba"
"Evening Run",2023-11-06,"Run",4.85,22.8,"Follicular",7,2,"19777d02-d07c-45e5-a48b-2a352a3cebba"
"Morning Run",2023-11-09,"Run",4.85,26.2,"Follicular",10,2,"19777d02-d07c-45e5-a48b-2a352a3cebba"
"Morning Run",2023-11-10,"Run",9.68,55.6,"Follicular",11,2,"19777d02-d07c-45e5-a48b-2a352a3cebba"
"Lunch Run",2023-11-30,"Run",3.23,17.9,"Follicular",7,2,"19777d02-d07c-45e5-a48b-2a352a3cebba"
"Lunch Run",2023-12-02,"Run",1.89,19.1,"Follicular",9,2,"19777d02-d07c-45e5-a48b-2a352a3cebba"
"Lunch Run",2023-12-02,"Run",4.89,30.2,"Follicular",9,2,"19777d02-d07c-45e5-a48b-2a352a3cebba"
"Morning Run",2023-12-02,"Run",6.68,41.6,"Follicular",9,2,"19777d02-d07c-45e5-a48b-2a352a3cebba"
"Morning Run",2023-12-02,"Run",5.06,30.4,"Follicular",9,2,"19777d02-d07c-45e5-a48b-2a352a3cebba"
"Morning Run",2023-12-02,"Run",1.67,8.6,"Follicular",9,2,"19777d02-d07c-45e5-a48b-2a352a3cebba"
"Afternoon Run",2023-12-07,"Run",6.46,35.5,"Ovulatory",14,2,"19777d02-d07c-45e5-a48b-2a352a3cebba"
"Lunch Run",2023-12-13,"Run",4.23,31.9,"Luteal",20,2,"19777d02-d07c-45e5-a48b-2a352a3cebba"
"Morning Run",2023-12-14,"Run",4.11,29.3,"Luteal",21,2,"19777d02-d07c-45e5-a48b-2a352a3cebba"
"Afternoon Run",2023-12-22,"Run",12.89,79.7,"Menstrual",3,2,"19777d02-d07c-45e5-a48b-2a352a3cebba"
"Lunch Run",2023-12-26,"Run",4.25,24.3,"Follicular",7,2,"19777d02-d07c-45e5-a48b-2a352a3cebba"
"Morning Run",2023-12-29,"Run",5.78,34,"Follicular",10,2,"19777d02-d07c-45e5-a48b-2a352a3cebba"
"Morning hike",2024-01-03,"Run",9.73,129.2,"Ovulatory",15,2,"19777d02-d07c-45e5-a48b-2a352a3cebba"
"Morning Run",2024-01-12,"Run",0.5,3.1,"Menstrual",1,3,"19777d02-d07c-45e5-a48b-2a352a3cebba"
"Lunch Run",2024-01-12,"Run",5.6,31.3,"Menstrual",1,4,"19777d02-d07c-45e5-a48b-2a352a3cebba"
"Morning Run",2024-01-16,"Run",5.88,34.2,"Menstrual",5,4,"19777d02-d07c-45e5-a48b-2a352a3cebba"
"Evening Run",2024-01-17,"Run",5.5,31.1,"Follicular",6,4,"19777d02-d07c-45e5-a48b-2a352a3cebba"
"Morning Run",2024-01-24,"Run",3.31,18.9,"Follicular",13,4,"19777d02-d07c-45e5-a48b-2a352a3cebba"
"Afternoon Run",2024-01-25,"Run",3.48,18,"Ovulatory",14,4,"19777d02-d07c-45e5-a48b-2a352a3cebba"
"Afternoon Run",2024-01-26,"Run",3.45,19.8,"Ovulatory",15,4,"19777d02-d07c-45e5-a48b-2a352a3cebba"
"Morning Run",2024-01-27,"Run",14.52,92.4,"Ovulatory",16,4,"19777d02-d07c-45e5-a48b-2a352a3cebba"
"Morning Run",2024-01-27,"Run",15.36,92.7,"Ovulatory",16,4,"19777d02-d07c-45e5-a48b-2a352a3cebba"
"Evening Run",2024-01-30,"Run",0.53,2.9,"Luteal",19,4,"19777d02-d07c-45e5-a48b-2a352a3cebba"
"Morning Run",2024-02-07,"Run",5.33,31,"Menstrual",5,4,"19777d02-d07c-45e5-a48b-2a352a3cebba"
"Evening Run",2024-02-09,"Run",8.64,47.8,"Follicular",7,4,"19777d02-d07c-45e5-a48b-2a352a3cebba"
"Morning Run",2024-02-12,"Run",6.94,37.4,"Follicular",10,4,"19777d02-d07c-45e5-a48b-2a352a3cebba"
"Morning Run",2024-02-14,"Run",6.44,40.1,"Follicular",12,4,"19777d02-d07c-45e5-a48b-2a352a3cebba"
"Morning Run",2024-02-14,"Run",7.1,41.2,"Follicular",12,4,"19777d02-d07c-45e5-a48b-2a352a3cebba"
"Night Run",2024-02-15,"Run",0,0,"Follicular",13,4,"19777d02-d07c-45e5-a48b-2a352a3cebba"
"Morning Run",2024-02-18,"Run",21.72,122.9,"Ovulatory",16,4,"19777d02-d07c-45e5-a48b-2a352a3cebba"
"Morning Run",2024-02-18,"Run",0.01,1.2,"Ovulatory",16,4,"19777d02-d07c-45e5-a48b-2a352a3cebba"
"vernal nevada falls hikeee",2024-03-09,"Run",13.55,291.3,"Ovulatory",16,4,"19777d02-d07c-45e5-a48b-2a352a3cebba"
"mirror lake adventure",2024-03-10,"Run",12.58,112.4,"Luteal",17,4,"19777d02-d07c-45e5-a48b-2a352a3cebba"
"Lunch Run",2024-04-04,"Run",0,0.1,"Ovulatory",15,4,"19777d02-d07c-45e5-a48b-2a352a3cebba"
"Morning Run",2024-04-04,"Run",1.73,9.5,"Ovulatory",15,4,"19777d02-d07c-45e5-a48b-2a352a3cebba"
"Afternoon Run",2024-05-06,"Run",3.51,20.3,"Luteal",22,4,"19777d02-d07c-45e5-a48b-2a352a3cebba"
"Lunch Run",2024-05-07,"Run",6.01,39.8,"Menstrual",1,5,"19777d02-d07c-45e5-a48b-2a352a3cebba"
"Lunch Run",2024-05-08,"Run",5.31,33.9,"Menstrual",2,5,"19777d02-d07c-45e5-a48b-2a352a3cebba"
"Morning Run",2024-05-12,"Run",5.09,26.8,"Follicular",6,5,"19777d02-d07c-45e5-a48b-2a352a3cebba"
"Evening Run",2024-05-16,"Run",6.88,44.9,"Follicular",10,5,"19777d02-d07c-45e5-a48b-2a352a3cebba"
"Night Run",2024-05-16,"Run",7.39,45,"Follicular",10,5,"19777d02-d07c-45e5-a48b-2a352a3cebba"
"roller bladdinggggg",2024-05-17,"InlineSkate",4.76,30.9,"Follicular",11,5,"19777d02-d07c-45e5-a48b-2a352a3cebba"
"Evening Run",2024-05-18,"Run",6.45,88.5,"Follicular",12,5,"19777d02-d07c-45e5-a48b-2a352a3cebba"
"lil walk run",2024-05-18,"Run",6.18,45,"Follicular",12,5,"19777d02-d07c-45e5-a48b-2a352a3cebba"
"Morning Run",2024-05-20,"Run",6.14,52.1,"Ovulatory",14,5,"19777d02-d07c-45e5-a48b-2a352a3cebba"
"walk run walk run",2024-05-20,"Run",11.12,67.3,"Ovulatory",14,5,"19777d02-d07c-45e5-a48b-2a352a3cebba"
"Afternoon Walk",2024-05-21,"Walk",1.5,23.5,"Ovulatory",15,5,"19777d02-d07c-45e5-a48b-2a352a3cebba"
"Lunch Walk",2024-05-21,"Walk",0.83,10.6,"Ovulatory",15,5,"19777d02-d07c-45e5-a48b-2a352a3cebba"
"Morning Run",2024-05-21,"Run",6.69,43.9,"Ovulatory",15,5,"19777d02-d07c-45e5-a48b-2a352a3cebba"
"i like to move it move it",2024-05-21,"Run",7.14,43.9,"Ovulatory",15,5,"19777d02-d07c-45e5-a48b-2a352a3cebba"
"some walking here and there",2024-05-22,"Walk",6.55,74.7,"Ovulatory",16,5,"19777d02-d07c-45e5-a48b-2a352a3cebba"
"Evening Walk",2024-05-23,"Walk",2.29,30.6,"Luteal",17,5,"19777d02-d07c-45e5-a48b-2a352a3cebba"
"Morning stroll",2024-05-23,"Walk",4.02,49.4,"Luteal",17,5,"19777d02-d07c-45e5-a48b-2a352a3cebba"
"Afternoon Walk",2024-05-24,"Walk",1.96,27.6,"Luteal",18,5,"19777d02-d07c-45e5-a48b-2a352a3cebba"
"Afternoon Walk",2024-05-24,"Walk",1.45,18.2,"Luteal",18,5,"19777d02-d07c-45e5-a48b-2a352a3cebba"
"Lunch Walk",2024-05-24,"Walk",2.82,33.2,"Luteal",18,5,"19777d02-d07c-45e5-a48b-2a352a3cebba"
"Afternoon Walk",2024-05-25,"Walk",1.2,15,"Luteal",19,5,"19777d02-d07c-45e5-a48b-2a352a3cebba"
"Morning Run",2024-05-25,"Run",6.45,37.1,"Luteal",19,5,"19777d02-d07c-45e5-a48b-2a352a3cebba"
"we backkk",2024-05-25,"Run",6.87,37.2,"Luteal",19,5,"19777d02-d07c-45e5-a48b-2a352a3cebba"
"Afternoon Run",2024-05-26,"Run",6.44,50,"Luteal",20,5,"19777d02-d07c-45e5-a48b-2a352a3cebba"
"runnnnn walk",2024-05-26,"Run",6.83,49.3,"Luteal",20,5,"19777d02-d07c-45e5-a48b-2a352a3cebba"
"Evening Walk",2024-05-27,"Walk",1.4,16.7,"Luteal",21,5,"19777d02-d07c-45e5-a48b-2a352a3cebba"
"Afternoon Walk",2024-05-27,"Walk",2.87,34.4,"Luteal",21,5,"19777d02-d07c-45e5-a48b-2a352a3cebba"
"Morning Walk",2024-05-27,"Walk",1.32,16,"Luteal",21,5,"19777d02-d07c-45e5-a48b-2a352a3cebba"
"Evening Walk",2024-05-28,"Walk",2.05,26,"Luteal",22,5,"19777d02-d07c-45e5-a48b-2a352a3cebba"
"anotha one *echo* dj khaled",2024-05-28,"Run",5.7,41.2,"Luteal",22,5,"19777d02-d07c-45e5-a48b-2a352a3cebba"
"Lunch Walk",2024-05-29,"Walk",6.61,58.4,"Menstrual",1,6,"19777d02-d07c-45e5-a48b-2a352a3cebba"
"Afternoon Walk",2024-06-01,"Walk",4.83,44.2,"Menstrual",4,6,"19777d02-d07c-45e5-a48b-2a352a3cebba"
"Night Run",2024-06-02,"Run",0,0,"Menstrual",5,6,"19777d02-d07c-45e5-a48b-2a352a3cebba"
"quickie mile",2024-06-02,"Run",1.86,9.3,"Menstrual",5,6,"19777d02-d07c-45e5-a48b-2a352a3cebba"
"Afternoon Walk",2024-06-03,"Walk",1.61,15.6,"Follicular",6,6,"19777d02-d07c-45e5-a48b-2a352a3cebba"
"afternoon rupowa(run & power walk)",2024-06-03,"Run",7.54,53.5,"Follicular",6,6,"19777d02-d07c-45e5-a48b-2a352a3cebba"
"so humbled i had to sit down",2024-06-04,"Run",5.75,31.8,"Follicular",7,6,"19777d02-d07c-45e5-a48b-2a352a3cebba"
"Afternoon Run",2024-06-05,"Run",3.28,21,"Follicular",8,6,"19777d02-d07c-45e5-a48b-2a352a3cebba"
"Lunch Run",2024-06-05,"Run",2.2,12.6,"Follicular",8,6,"19777d02-d07c-45e5-a48b-2a352a3cebba"
"Afternoon Run",2024-06-05,"Run",6.12,41.7,"Follicular",8,6,"19777d02-d07c-45e5-a48b-2a352a3cebba"
"Evening Run",2024-06-06,"Run",2.32,13.8,"Follicular",9,6,"19777d02-d07c-45e5-a48b-2a352a3cebba"
"Lunch Run",2024-06-06,"Run",4.18,25.3,"Follicular",9,6,"19777d02-d07c-45e5-a48b-2a352a3cebba"
"Lunch Run",2024-06-06,"Run",4.41,25.6,"Follicular",9,6,"19777d02-d07c-45e5-a48b-2a352a3cebba"
"Afternoon Walk",2024-06-08,"Walk",5.15,64.6,"Follicular",11,6,"19777d02-d07c-45e5-a48b-2a352a3cebba"
"Afternoon Run",2024-06-09,"Run",6.89,39.6,"Follicular",12,6,"19777d02-d07c-45e5-a48b-2a352a3cebba"
"Evening Run",2024-06-09,"Run",12.06,82.5,"Follicular",12,6,"19777d02-d07c-45e5-a48b-2a352a3cebba"
"issa hot oneü•µü•µü•µü•µ",2024-06-10,"Run",9.24,71.5,"Follicular",13,6,"19777d02-d07c-45e5-a48b-2a352a3cebba"
"Afternoon Weight Training",2024-06-13,"WeightTraining",0,80.6,"Ovulatory",16,6,"19777d02-d07c-45e5-a48b-2a352a3cebba"
"Afternoon Stair-Stepper",2024-06-13,"StairStepper",0,7.3,"Ovulatory",16,6,"19777d02-d07c-45e5-a48b-2a352a3cebba"
"Afternoon Run",2024-06-14,"Run",1.62,10.4,"Luteal",17,6,"19777d02-d07c-45e5-a48b-2a352a3cebba"
"Afternoon Weight Training",2024-06-14,"WeightTraining",0,48,"Luteal",17,6,"19777d02-d07c-45e5-a48b-2a352a3cebba"
"Lunch Stair-Stepper",2024-06-15,"StairStepper",0,14.8,"Luteal",18,6,"19777d02-d07c-45e5-a48b-2a352a3cebba"
"Lunch Run",2024-06-15,"Run",1.42,8.7,"Luteal",18,6,"19777d02-d07c-45e5-a48b-2a352a3cebba"
"Lunch Walk",2024-06-16,"Walk",2.62,36.8,"Luteal",19,6,"19777d02-d07c-45e5-a48b-2a352a3cebba"
"Afternoon Run",2024-06-16,"Run",7.84,48.7,"Luteal",19,6,"19777d02-d07c-45e5-a48b-2a352a3cebba"
"Lunch Run",2024-06-16,"Run",7.44,48.8,"Luteal",19,6,"19777d02-d07c-45e5-a48b-2a352a3cebba"
"Afternoon Run",2024-06-17,"Run",7.51,61.4,"Luteal",20,6,"19777d02-d07c-45e5-a48b-2a352a3cebba"
"Evening Run",2024-06-17,"Run",10.53,459.5,"Luteal",20,6,"19777d02-d07c-45e5-a48b-2a352a3cebba"
"Lunch Walk",2024-06-18,"Walk",1.61,19.9,"Luteal",21,6,"19777d02-d07c-45e5-a48b-2a352a3cebba"
"lovely wednesday run",2024-06-19,"Run",3.38,16.2,"Luteal",22,6,"19777d02-d07c-45e5-a48b-2a352a3cebba"
"Evening Run",2024-06-19,"Run",5.15,31.2,"Luteal",22,6,"19777d02-d07c-45e5-a48b-2a352a3cebba"
"Morning Walk",2024-06-19,"Walk",0.81,12.4,"Luteal",22,6,"19777d02-d07c-45e5-a48b-2a352a3cebba"
"Afternoon Run",2024-06-20,"Run",2.38,14.7,"Luteal",23,6,"19777d02-d07c-45e5-a48b-2a352a3cebba"
"Morning Walk",2024-06-20,"Walk",0.57,8,"Luteal",23,6,"19777d02-d07c-45e5-a48b-2a352a3cebba"
"night run",2024-06-21,"Run",22.28,145.4,"Luteal",24,6,"19777d02-d07c-45e5-a48b-2a352a3cebba"
"Morning Walk",2024-06-22,"Walk",0.84,11.5,"Luteal",25,6,"19777d02-d07c-45e5-a48b-2a352a3cebba"
"run club run club!",2024-06-23,"Run",10.33,59.2,"Luteal",26,6,"19777d02-d07c-45e5-a48b-2a352a3cebba"
"Morning Run",2024-06-23,"Run",9.7,58.7,"Luteal",26,6,"19777d02-d07c-45e5-a48b-2a352a3cebba"
"Afternoon Walk",2024-06-24,"Walk",3.24,38.2,"Menstrual",1,7,"19777d02-d07c-45e5-a48b-2a352a3cebba"
"Morning Walk",2024-06-24,"Walk",3.78,58.2,"Menstrual",1,8,"19777d02-d07c-45e5-a48b-2a352a3cebba"
"Morning Run",2024-06-24,"Run",1.63,9.2,"Menstrual",1,9,"19777d02-d07c-45e5-a48b-2a352a3cebba"
"Afternoon Walk",2024-06-25,"Walk",1.46,15.1,"Menstrual",2,9,"19777d02-d07c-45e5-a48b-2a352a3cebba"
"Morning Run",2024-06-25,"Run",1.62,8.2,"Menstrual",2,9,"19777d02-d07c-45e5-a48b-2a352a3cebba"
"troubbbleeeee",2024-06-26,"Run",4.84,23.5,"Menstrual",3,9,"19777d02-d07c-45e5-a48b-2a352a3cebba"
"Morning Run",2024-06-26,"Run",3.15,19.6,"Menstrual",3,9,"19777d02-d07c-45e5-a48b-2a352a3cebba"
"Morning Swim",2024-06-26,"Swim",0.55,14,"Menstrual",3,9,"19777d02-d07c-45e5-a48b-2a352a3cebba"
"Morning Run",2024-06-26,"Run",1.62,8.5,"Menstrual",3,9,"19777d02-d07c-45e5-a48b-2a352a3cebba"
"Morning Run",2024-06-26,"Run",5.21,28.7,"Menstrual",3,9,"19777d02-d07c-45e5-a48b-2a352a3cebba"
"Evening Walk",2024-06-27,"Walk",2.21,22.1,"Menstrual",4,9,"19777d02-d07c-45e5-a48b-2a352a3cebba"
"Evening Stair-Stepper",2024-06-27,"StairStepper",0,13.2,"Menstrual",4,9,"19777d02-d07c-45e5-a48b-2a352a3cebba"
"Evening Run",2024-06-27,"Run",2.82,17.7,"Menstrual",4,9,"19777d02-d07c-45e5-a48b-2a352a3cebba"
"Morning Run",2024-06-27,"Run",1.61,10.3,"Menstrual",4,9,"19777d02-d07c-45e5-a48b-2a352a3cebba"
"Evening Swim",2024-06-28,"Swim",0.3,7.3,"Menstrual",5,9,"19777d02-d07c-45e5-a48b-2a352a3cebba"
"Afternoon Weight Training",2024-06-28,"WeightTraining",0,82.6,"Menstrual",5,9,"19777d02-d07c-45e5-a48b-2a352a3cebba"
"Evening Stair-Stepper",2024-06-30,"StairStepper",0,12,"Follicular",7,9,"19777d02-d07c-45e5-a48b-2a352a3cebba"
"Evening Walk",2024-07-01,"Walk",1.61,20.9,"Follicular",8,9,"19777d02-d07c-45e5-a48b-2a352a3cebba"
"you guys inspired me",2024-07-01,"Run",6.05,33.4,"Follicular",8,9,"19777d02-d07c-45e5-a48b-2a352a3cebba"
"Morning Walk",2024-07-01,"Walk",3.09,40.5,"Follicular",8,9,"19777d02-d07c-45e5-a48b-2a352a3cebba"
"Lunch Run",2024-07-01,"Run",2.58,15.3,"Follicular",8,9,"19777d02-d07c-45e5-a48b-2a352a3cebba"
"had me gasping",2024-07-03,"Run",6.39,31.5,"Follicular",10,9,"19777d02-d07c-45e5-a48b-2a352a3cebba"
"Afternoon Swim",2024-07-03,"Swim",0.64,13.5,"Follicular",10,9,"19777d02-d07c-45e5-a48b-2a352a3cebba"
"i love walking",2024-07-03,"Walk",2.96,34.1,"Follicular",10,9,"19777d02-d07c-45e5-a48b-2a352a3cebba"
"the sun is in my eyes woooooOOO",2024-07-04,"Walk",5.13,34.7,"Follicular",11,9,"19777d02-d07c-45e5-a48b-2a352a3cebba"
"Morning Run",2024-07-05,"Run",2.19,11.9,"Follicular",12,9,"19777d02-d07c-45e5-a48b-2a352a3cebba"
"Morning Run",2024-07-06,"Run",1.62,8.7,"Follicular",13,9,"19777d02-d07c-45e5-a48b-2a352a3cebba"
"Morning Run",2024-07-07,"Run",1.7,9,"Ovulatory",14,9,"19777d02-d07c-45e5-a48b-2a352a3cebba"
"evening runnnn",2024-07-08,"Run",7.59,37.2,"Ovulatory",15,9,"19777d02-d07c-45e5-a48b-2a352a3cebba"
"Morning Run",2024-07-08,"Run",1.76,10.7,"Ovulatory",15,9,"19777d02-d07c-45e5-a48b-2a352a3cebba"
"Morning Run",2024-07-09,"Run",1.85,9.2,"Ovulatory",16,9,"19777d02-d07c-45e5-a48b-2a352a3cebba"
"look who it isssss",2024-07-10,"Run",5.09,26.1,"Luteal",17,9,"19777d02-d07c-45e5-a48b-2a352a3cebba"
"Morning Run",2024-07-10,"Run",1.63,8.3,"Luteal",17,9,"19777d02-d07c-45e5-a48b-2a352a3cebba"
"reset walk",2024-07-11,"Walk",1.9,21.7,"Luteal",18,9,"19777d02-d07c-45e5-a48b-2a352a3cebba"
"Morning Run",2024-07-11,"Run",2.09,11.3,"Luteal",18,9,"19777d02-d07c-45e5-a48b-2a352a3cebba"
"Afternoon Walk",2024-07-12,"Walk",1.62,20.6,"Luteal",19,9,"19777d02-d07c-45e5-a48b-2a352a3cebba"
"Morning Run",2024-07-12,"Run",1.85,12.9,"Luteal",19,9,"19777d02-d07c-45e5-a48b-2a352a3cebba"
"Morning Run",2024-07-12,"Run",1.93,10.8,"Luteal",19,9,"19777d02-d07c-45e5-a48b-2a352a3cebba"
"you can do iiiittt",2024-07-12,"Run",3.84,26.5,"Luteal",19,9,"19777d02-d07c-45e5-a48b-2a352a3cebba"
"Morning Run",2024-07-12,"Run",2.19,11.8,"Luteal",19,9,"19777d02-d07c-45e5-a48b-2a352a3cebba"
"Afternoon Run",2024-07-13,"Run",1.73,10,"Luteal",20,9,"19777d02-d07c-45e5-a48b-2a352a3cebba"
"Evening Run",2024-07-14,"Run",9.87,60.8,"Luteal",21,9,"19777d02-d07c-45e5-a48b-2a352a3cebba"
"Morning Run",2024-07-14,"Run",4.84,42.3,"Luteal",21,9,"19777d02-d07c-45e5-a48b-2a352a3cebba"
"morning + night run",2024-07-14,"Run",15.73,104.5,"Luteal",21,9,"19777d02-d07c-45e5-a48b-2a352a3cebba"
"Evening Run",2024-07-15,"Run",3.26,20.8,"Menstrual",1,10,"19777d02-d07c-45e5-a48b-2a352a3cebba"
"run/walk + sweet treat",2024-07-15,"Run",8.3,56.7,"Menstrual",1,11,"19777d02-d07c-45e5-a48b-2a352a3cebba"
"Afternoon Walk",2024-07-15,"Walk",1.6,18.2,"Menstrual",1,12,"19777d02-d07c-45e5-a48b-2a352a3cebba"
"Morning Run",2024-07-15,"Run",1.66,9.8,"Menstrual",1,13,"19777d02-d07c-45e5-a48b-2a352a3cebba"
"Evening Run",2024-07-16,"Run",6.89,40.4,"Menstrual",2,13,"19777d02-d07c-45e5-a48b-2a352a3cebba"
"ran a bridge + tacooosssss",2024-07-16,"Run",8.36,46.4,"Menstrual",2,13,"19777d02-d07c-45e5-a48b-2a352a3cebba"
"Morning Walk",2024-07-16,"Walk",1.07,13.6,"Menstrual",2,13,"19777d02-d07c-45e5-a48b-2a352a3cebba"
"Night Run",2024-07-17,"Run",5.07,27.4,"Menstrual",3,13,"19777d02-d07c-45e5-a48b-2a352a3cebba"
"walk around the block",2024-07-18,"Run",3.33,36.9,"Menstrual",4,13,"19777d02-d07c-45e5-a48b-2a352a3cebba"
"Afternoon Run",2024-07-19,"Run",1.62,9.8,"Menstrual",5,13,"19777d02-d07c-45e5-a48b-2a352a3cebba"
"Lunch Walk",2024-07-19,"Walk",0.93,10.6,"Menstrual",5,13,"19777d02-d07c-45e5-a48b-2a352a3cebba"
"Evening Walk",2024-07-20,"Walk",0.98,14.3,"Follicular",6,13,"19777d02-d07c-45e5-a48b-2a352a3cebba"
"Afternoon Run",2024-07-20,"Run",1.84,11.2,"Follicular",6,13,"19777d02-d07c-45e5-a48b-2a352a3cebba"
"Lunch Run",2024-07-20,"Run",2.65,17,"Follicular",6,13,"19777d02-d07c-45e5-a48b-2a352a3cebba"
"Morning Run",2024-07-20,"Run",3.44,45.7,"Follicular",6,13,"19777d02-d07c-45e5-a48b-2a352a3cebba"
"Afternoon Walk",2024-07-21,"Walk",1.22,16.7,"Follicular",7,13,"19777d02-d07c-45e5-a48b-2a352a3cebba"
"good morninngggg",2024-07-21,"Run",17.68,100.8,"Follicular",7,13,"19777d02-d07c-45e5-a48b-2a352a3cebba"
"a cheeky night",2024-07-22,"Run",6.86,65.7,"Follicular",8,13,"19777d02-d07c-45e5-a48b-2a352a3cebba"
"Morning Run",2024-07-22,"Run",2.05,11.7,"Follicular",8,13,"19777d02-d07c-45e5-a48b-2a352a3cebba"
"Afternoon Run",2024-07-23,"Run",1.71,11.7,"Follicular",9,13,"19777d02-d07c-45e5-a48b-2a352a3cebba"
"Morning Run",2024-07-23,"Run",1.67,10.7,"Follicular",9,13,"19777d02-d07c-45e5-a48b-2a352a3cebba"
"you already know what day it issss",2024-07-24,"Run",4.98,25.9,"Follicular",10,13,"19777d02-d07c-45e5-a48b-2a352a3cebba"
"Afternoon Walk",2024-07-25,"Walk",1.1,13.8,"Follicular",11,13,"19777d02-d07c-45e5-a48b-2a352a3cebba"
"Morning Run",2024-07-25,"Run",2.17,13,"Follicular",11,13,"19777d02-d07c-45e5-a48b-2a352a3cebba"
"Night Run",2024-07-26,"Run",1.72,11,"Follicular",12,13,"19777d02-d07c-45e5-a48b-2a352a3cebba"
"Morning Run",2024-07-26,"Run",1.72,10,"Follicular",12,13,"19777d02-d07c-45e5-a48b-2a352a3cebba"
"Afternoon Run",2024-07-27,"Run",1.8,10.5,"Follicular",13,13,"19777d02-d07c-45e5-a48b-2a352a3cebba"
"Evening Run",2024-07-28,"Run",1.61,8.6,"Ovulatory",14,13,"19777d02-d07c-45e5-a48b-2a352a3cebba"
"back in the ridgeeeee",2024-07-28,"Run",1.63,8.9,"Ovulatory",14,13,"19777d02-d07c-45e5-a48b-2a352a3cebba"
"Morning Run",2024-07-28,"Run",2.13,12.1,"Ovulatory",14,13,"19777d02-d07c-45e5-a48b-2a352a3cebba"
"Morning Run",2024-07-29,"Run",1.61,9.3,"Ovulatory",15,13,"19777d02-d07c-45e5-a48b-2a352a3cebba"
"Afternoon Run",2024-07-30,"Run",5.95,41.8,"Ovulatory",16,13,"19777d02-d07c-45e5-a48b-2a352a3cebba"
"the idea was planted so i had to do it",2024-07-31,"Run",33.95,228.6,"Luteal",17,13,"19777d02-d07c-45e5-a48b-2a352a3cebba"
"morning miles",2024-08-02,"Run",3.23,19.1,"Luteal",19,13,"19777d02-d07c-45e5-a48b-2a352a3cebba"
"a family affairüòÇüòÇüòÇ",2024-08-03,"Run",9.66,55.5,"Luteal",20,13,"19777d02-d07c-45e5-a48b-2a352a3cebba"
"boardwalk run/walk x MORGAN",2024-08-04,"Run",16.1,126.1,"Luteal",21,13,"19777d02-d07c-45e5-a48b-2a352a3cebba"
"everyone wish grace a happy birthdayüëπüëπ",2024-08-05,"Run",12.96,73.1,"Luteal",22,13,"19777d02-d07c-45e5-a48b-2a352a3cebba"
"Afternoon Run",2024-08-06,"Run",3.21,18.2,"Luteal",23,13,"19777d02-d07c-45e5-a48b-2a352a3cebba"
"system reset",2024-08-07,"Run",4.83,26.9,"Menstrual",1,14,"19777d02-d07c-45e5-a48b-2a352a3cebba"
"Evening Run",2024-08-08,"Run",4.83,26.4,"Menstrual",2,14,"19777d02-d07c-45e5-a48b-2a352a3cebba"
"we backkkkk",2024-08-09,"Run",3.23,16.2,"Menstrual",3,14,"19777d02-d07c-45e5-a48b-2a352a3cebba"
"good morningggg beautiful people‚òÄÔ∏è‚òÄÔ∏è",2024-08-11,"Run",6.45,35.5,"Menstrual",5,14,"19777d02-d07c-45e5-a48b-2a352a3cebba"
"that bridge is the bane of my existence",2024-08-13,"Run",8.92,54.4,"Follicular",7,14,"19777d02-d07c-45e5-a48b-2a352a3cebba"
"CGRCü§òü§òü§ò",2024-08-14,"Run",4.4,26.2,"Follicular",8,14,"19777d02-d07c-45e5-a48b-2a352a3cebba"
"had to drop my car at the garage",2024-08-16,"Run",4.84,30.7,"Follicular",10,14,"19777d02-d07c-45e5-a48b-2a352a3cebba"
"HAPPY SUNDAYYYY‚òÄÔ∏è‚ú®",2024-08-18,"Run",9.71,58,"Follicular",12,14,"19777d02-d07c-45e5-a48b-2a352a3cebba"
"Morning Run",2024-08-19,"Run",1.62,9.2,"Follicular",13,14,"19777d02-d07c-45e5-a48b-2a352a3cebba"
"brickell run clubbbb",2024-08-20,"Run",5.79,37.4,"Ovulatory",14,14,"19777d02-d07c-45e5-a48b-2a352a3cebba"
"picked up my baby",2024-08-20,"Run",5.2,30.3,"Ovulatory",14,14,"19777d02-d07c-45e5-a48b-2a352a3cebba"
"coconut grove run clubbb",2024-08-21,"Run",4.89,28.7,"Ovulatory",15,14,"19777d02-d07c-45e5-a48b-2a352a3cebba"
"Morning Run",2024-08-22,"Run",1.73,9.2,"Ovulatory",16,14,"19777d02-d07c-45e5-a48b-2a352a3cebba"
"Afternoon Run",2024-08-23,"Run",1.83,9.9,"Luteal",17,14,"19777d02-d07c-45e5-a48b-2a352a3cebba"
"morning mile",2024-08-26,"Run",1.61,8.8,"Luteal",20,14,"19777d02-d07c-45e5-a48b-2a352a3cebba"
"Afternoon Weight Training",2024-08-27,"WeightTraining",0,91.9,"Luteal",21,14,"19777d02-d07c-45e5-a48b-2a352a3cebba"
"morning mile",2024-08-27,"Run",1.71,8.7,"Luteal",21,14,"19777d02-d07c-45e5-a48b-2a352a3cebba"
"Morning Run",2024-08-28,"Run",1.62,8.6,"Menstrual",1,15,"19777d02-d07c-45e5-a48b-2a352a3cebba"
"Morning Weight Training",2024-08-29,"WeightTraining",0,83.8,"Menstrual",2,15,"19777d02-d07c-45e5-a48b-2a352a3cebba"
"Afternoon Run",2024-08-30,"Run",1.68,9.1,"Menstrual",3,15,"19777d02-d07c-45e5-a48b-2a352a3cebba"
"Lunch Run",2024-08-30,"Run",1.65,8.3,"Menstrual",3,15,"19777d02-d07c-45e5-a48b-2a352a3cebba"
"Morning Run",2024-09-02,"Run",1.62,8.9,"Follicular",6,15,"19777d02-d07c-45e5-a48b-2a352a3cebba"
"Morning Run",2024-09-04,"Run",1.75,10.1,"Follicular",8,15,"19777d02-d07c-45e5-a48b-2a352a3cebba"
"love a good night run",2024-09-05,"Run",4.88,31.5,"Follicular",9,15,"19777d02-d07c-45e5-a48b-2a352a3cebba"
"‚òÄÔ∏è‚ú®‚ú®‚òÄÔ∏è‚ú®",2024-09-08,"Run",9.75,55.8,"Follicular",12,15,"19777d02-d07c-45e5-a48b-2a352a3cebba"
"happy hump dayyyüê´üê´üê´üê´",2024-09-11,"Run",4.93,28.8,"Ovulatory",15,15,"19777d02-d07c-45e5-a48b-2a352a3cebba"
"Night Run",2024-09-12,"Run",5.32,32.6,"Ovulatory",16,15,"19777d02-d07c-45e5-a48b-2a352a3cebba"
"Afternoon Run",2024-09-13,"Run",1.9,10.2,"Luteal",17,15,"19777d02-d07c-45e5-a48b-2a352a3cebba"
"Morning Run",2024-09-13,"Run",3.22,19.8,"Luteal",17,15,"19777d02-d07c-45e5-a48b-2a352a3cebba"
"Evening Run",2024-09-14,"Run",2.89,15.8,"Luteal",18,15,"19777d02-d07c-45e5-a48b-2a352a3cebba"
"Morning Run",2024-09-14,"Run",1.66,8.8,"Luteal",18,15,"19777d02-d07c-45e5-a48b-2a352a3cebba"
"happy parents weekendüôåüôåüôå",2024-09-15,"Run",9.74,53.9,"Luteal",19,15,"19777d02-d07c-45e5-a48b-2a352a3cebba"
"thank you anna for motivating me",2024-09-16,"Swim",0.23,5.1,"Luteal",20,15,"19777d02-d07c-45e5-a48b-2a352a3cebba"
"Morning Run",2024-09-16,"Run",1.68,9.3,"Luteal",20,15,"19777d02-d07c-45e5-a48b-2a352a3cebba"
"in honor of the full moon",2024-09-17,"Run",0.81,4.8,"Luteal",21,15,"19777d02-d07c-45e5-a48b-2a352a3cebba"
"Morning Run",2024-09-17,"Run",3.9,24.5,"Luteal",21,15,"19777d02-d07c-45e5-a48b-2a352a3cebba"
"fp grove run!",2024-09-18,"Run",4.84,28.8,"Menstrual",1,16,"19777d02-d07c-45e5-a48b-2a352a3cebba"
"Morning Swim",2024-09-19,"Swim",1.1,24.6,"Menstrual",2,16,"19777d02-d07c-45e5-a48b-2a352a3cebba"
"Afternoon Run",2024-09-20,"Run",1.64,9.3,"Menstrual",3,16,"19777d02-d07c-45e5-a48b-2a352a3cebba"
"all around a morning vibe‚ú®üí´‚ú®üåÖ‚ú®",2024-09-21,"Run",5.09,26.9,"Menstrual",4,16,"19777d02-d07c-45e5-a48b-2a352a3cebba"
"sunday routineü§åü§å",2024-09-22,"Run",9.69,56.5,"Menstrual",5,16,"19777d02-d07c-45e5-a48b-2a352a3cebba"
"Morning Swim",2024-09-24,"Swim",1.23,31.8,"Follicular",7,16,"19777d02-d07c-45e5-a48b-2a352a3cebba"
"the weather was üë®‚Äçüç≥üíã",2024-09-25,"Run",5.62,35.6,"Follicular",8,16,"19777d02-d07c-45e5-a48b-2a352a3cebba"
"morning sprintüèÉüèΩ‚Äç‚ôÄÔ∏èüí®üí®üí®",2024-09-28,"Run",4.51,59.6,"Follicular",11,16,"19777d02-d07c-45e5-a48b-2a352a3cebba"
"peak sunü•µü•µü•µü•µü•µ",2024-09-29,"Run",4.84,30.6,"Follicular",12,16,"19777d02-d07c-45e5-a48b-2a352a3cebba"
"HAPPYYYYY SUNDAYYYYYYY EVERYONE",2024-09-29,"Run",1.72,11.1,"Follicular",12,16,"19777d02-d07c-45e5-a48b-2a352a3cebba"
"Evening Run",2024-09-30,"Run",5.06,30.8,"Follicular",13,16,"19777d02-d07c-45e5-a48b-2a352a3cebba"
"RUN CLUBBBBBB",2024-10-02,"Run",4.84,24.7,"Ovulatory",15,16,"19777d02-d07c-45e5-a48b-2a352a3cebba"
"back in the old stomping groundsüò§üò§üò§",2024-10-04,"Run",4.84,26.5,"Luteal",17,16,"19777d02-d07c-45e5-a48b-2a352a3cebba"
"when in new haven",2024-10-06,"Run",21.09,126.7,"Luteal",19,16,"19777d02-d07c-45e5-a48b-2a352a3cebba"
"Morning Walk",2024-10-09,"Walk",7.7,95.2,"Luteal",22,16,"19777d02-d07c-45e5-a48b-2a352a3cebba"
"Morning Walk",2024-10-10,"Walk",1.72,18.3,"Luteal",23,16,"19777d02-d07c-45e5-a48b-2a352a3cebba"
"are you joking.",2024-10-11,"Run",7.46,42.1,"Luteal",24,16,"19777d02-d07c-45e5-a48b-2a352a3cebba"
"Morning Run",2024-10-11,"Run",1.63,7.5,"Luteal",24,16,"19777d02-d07c-45e5-a48b-2a352a3cebba"
"a cheeky run around santa monica",2024-10-14,"Run",4.58,26.2,"Menstrual",1,17,"19777d02-d07c-45e5-a48b-2a352a3cebba"
"Lunch Walk",2024-10-14,"Walk",6.62,91.1,"Menstrual",1,18,"19777d02-d07c-45e5-a48b-2a352a3cebba"
"Afternoon Swim",2024-10-19,"Swim",1.65,46,"Follicular",6,18,"19777d02-d07c-45e5-a48b-2a352a3cebba"
"this weather is simplyü§å‚ú®",2024-10-21,"Run",11.19,61.8,"Follicular",8,18,"19777d02-d07c-45e5-a48b-2a352a3cebba"
"Night Run",2024-10-23,"Run",9.04,58.3,"Follicular",10,18,"19777d02-d07c-45e5-a48b-2a352a3cebba"
"Morning Swim",2024-10-24,"Swim",0.73,18.9,"Follicular",11,18,"19777d02-d07c-45e5-a48b-2a352a3cebba"
"Afternoon Swim",2024-10-25,"Swim",1.14,32.3,"Follicular",12,18,"19777d02-d07c-45e5-a48b-2a352a3cebba"
"Morning Run",2024-10-25,"Run",14.48,126.4,"Follicular",12,18,"19777d02-d07c-45e5-a48b-2a352a3cebba"
"curiosity killed the cat",2024-10-29,"Run",2.12,13.4,"Ovulatory",16,18,"19777d02-d07c-45e5-a48b-2a352a3cebba"
"brickell run club",2024-10-29,"Run",7.51,42.6,"Ovulatory",16,18,"19777d02-d07c-45e5-a48b-2a352a3cebba"
"you already know what day it isssss",2024-10-30,"Run",5,32.8,"Luteal",17,18,"19777d02-d07c-45e5-a48b-2a352a3cebba"
"Lunch Run",2024-11-01,"Run",4.24,26.9,"Luteal",19,18,"19777d02-d07c-45e5-a48b-2a352a3cebba"
"Evening Run",2024-11-02,"Run",8.94,56.3,"Luteal",20,18,"19777d02-d07c-45e5-a48b-2a352a3cebba"
"Morning Run",2024-11-05,"Run",3.97,23.1,"Luteal",23,18,"19777d02-d07c-45e5-a48b-2a352a3cebba"
"GROVE RUN",2024-11-07,"Run",11.27,69.5,"Menstrual",1,19,"19777d02-d07c-45e5-a48b-2a352a3cebba"
"Morning Weight Training",2024-11-07,"WeightTraining",0,136.8,"Menstrual",1,20,"19777d02-d07c-45e5-a48b-2a352a3cebba"
"Lunch Run",2024-11-08,"Run",4.95,48,"Menstrual",2,20,"19777d02-d07c-45e5-a48b-2a352a3cebba"
"Afternoon Run",2024-11-09,"Run",9.67,64.6,"Menstrual",3,20,"19777d02-d07c-45e5-a48b-2a352a3cebba"
"Afternoon Weight Training",2024-11-12,"WeightTraining",0,74.6,"Follicular",6,20,"19777d02-d07c-45e5-a48b-2a352a3cebba"
"GROVEEEE STREEEET FLOCKAAA",2024-11-14,"Run",8.06,50.1,"Follicular",8,20,"19777d02-d07c-45e5-a48b-2a352a3cebba"
"goood mooornningggg",2024-11-15,"Run",6.71,41.9,"Follicular",9,20,"19777d02-d07c-45e5-a48b-2a352a3cebba"
"Evening Weight Training",2024-11-18,"WeightTraining",0,71.2,"Follicular",12,20,"19777d02-d07c-45e5-a48b-2a352a3cebba"
"Evening Run",2024-11-19,"Run",1.92,10.9,"Follicular",13,20,"19777d02-d07c-45e5-a48b-2a352a3cebba"
"that was definitely something",2024-11-20,"Run",21.45,157.6,"Ovulatory",14,20,"19777d02-d07c-45e5-a48b-2a352a3cebba"
"lil adventure",2024-11-24,"Run",1.64,9.8,"Luteal",18,20,"19777d02-d07c-45e5-a48b-2a352a3cebba"
"sf has stolen my ‚ù§Ô∏è",2024-11-24,"Run",8.05,51.3,"Luteal",18,20,"19777d02-d07c-45e5-a48b-2a352a3cebba"
"BACKKK",2024-11-25,"Run",14.78,93.4,"Luteal",19,20,"19777d02-d07c-45e5-a48b-2a352a3cebba"
"Afternoon Run",2024-11-26,"Run",1.66,10.1,"Luteal",20,20,"19777d02-d07c-45e5-a48b-2a352a3cebba"
"happy thanksgiving eveü¶Éüï∫üòÆ‚Äçüí®‚ú®",2024-11-27,"Run",21.11,139.4,"Luteal",21,20,"19777d02-d07c-45e5-a48b-2a352a3cebba"
"turkey trot.",2024-11-28,"Run",5.01,28.8,"Luteal",22,20,"19777d02-d07c-45e5-a48b-2a352a3cebba"
"Afternoon Run",2024-11-30,"Run",1.64,9.2,"Luteal",24,20,"19777d02-d07c-45e5-a48b-2a352a3cebba"
"weather was phenomenal",2024-11-30,"Run",5.15,27.2,"Luteal",24,20,"19777d02-d07c-45e5-a48b-2a352a3cebba"
"night run was a viiibbeeeee",2024-12-01,"Run",18.73,101.2,"Luteal",25,20,"19777d02-d07c-45e5-a48b-2a352a3cebba"
"yeah yeahhhhhhh",2024-12-06,"Run",5.11,29.3,"Luteal",30,20,"19777d02-d07c-45e5-a48b-2a352a3cebba"
"cold as üß±",2024-12-12,"Run",4.2,23.3,"Luteal",36,20,"19777d02-d07c-45e5-a48b-2a352a3cebba"
"üëØ‚Äç‚ôÄÔ∏èü•∂üèÉüèΩ‚Äç‚ôÄÔ∏èüèÉüèΩ‚Äç‚ôÄÔ∏èüí®üí®",2024-12-13,"Run",22.86,148.8,"Menstrual",1,21,"19777d02-d07c-45e5-a48b-2a352a3cebba"
"Afternoon Swim",2024-12-23,"Swim",0.78,16.3,"Follicular",11,21,"19777d02-d07c-45e5-a48b-2a352a3cebba"
"Knee was acting up",2024-12-28,"Run",8.68,59.1,"Ovulatory",16,21,"19777d02-d07c-45e5-a48b-2a352a3cebba"
"Happy new yearüï∫",2025-01-01,"Run",19.81,132.2,"Luteal",20,21,"19777d02-d07c-45e5-a48b-2a352a3cebba"
"RUN + PLUNGE",2025-01-02,"Run",7.25,42.7,"Luteal",21,21,"19777d02-d07c-45e5-a48b-2a352a3cebba"
"HGW with my gorls",2025-01-04,"Walk",4.14,51.2,"Menstrual",1,22,"19777d02-d07c-45e5-a48b-2a352a3cebba"
"Shiver me timbers",2025-01-08,"Run",4.2,24.4,"Menstrual",5,22,"19777d02-d07c-45e5-a48b-2a352a3cebba"
"Afternoon Walk",2025-01-10,"Walk",1.83,21,"Follicular",7,22,"19777d02-d07c-45e5-a48b-2a352a3cebba"
"Goodbye, soldier.",2025-01-11,"Run",6.52,39.2,"Follicular",8,22,"19777d02-d07c-45e5-a48b-2a352a3cebba"
"Backkkk",2025-01-12,"Run",21.11,140.8,"Follicular",9,22,"19777d02-d07c-45e5-a48b-2a352a3cebba"
"Mind reset",2025-01-13,"Run",1.68,8.1,"Follicular",10,22,"19777d02-d07c-45e5-a48b-2a352a3cebba"
"Morning Run",2025-01-15,"Run",4.84,24.3,"Follicular",12,22,"19777d02-d07c-45e5-a48b-2a352a3cebba"
"Afternoon Run",2025-01-16,"Run",6.83,39.1,"Follicular",13,22,"19777d02-d07c-45e5-a48b-2a352a3cebba"
"Morning Run",2025-01-16,"Run",1.62,7.9,"Follicular",13,22,"19777d02-d07c-45e5-a48b-2a352a3cebba"
"Weighted run",2025-01-17,"Run",5.02,28.4,"Ovulatory",14,22,"19777d02-d07c-45e5-a48b-2a352a3cebba"
"Lunch Run",2025-01-18,"Run",3.42,19.8,"Ovulatory",15,22,"19777d02-d07c-45e5-a48b-2a352a3cebba"
"Ay ay Sunday long runnn",2025-01-19,"Run",24.34,155.6,"Ovulatory",16,22,"19777d02-d07c-45e5-a48b-2a352a3cebba"
"Afternoon Swim",2025-01-20,"Swim",0.91,20.7,"Luteal",17,22,"19777d02-d07c-45e5-a48b-2a352a3cebba"
"Afternoon Run",2025-01-21,"Run",4.02,23.3,"Luteal",18,22,"19777d02-d07c-45e5-a48b-2a352a3cebba"
"Afternoon Run",2025-01-21,"Run",4.84,26.4,"Luteal",18,22,"19777d02-d07c-45e5-a48b-2a352a3cebba"
"Morning mile",2025-01-21,"Run",1.62,7.9,"Luteal",18,22,"19777d02-d07c-45e5-a48b-2a352a3cebba"
"Evening Run",2025-01-22,"Run",4.84,25.4,"Luteal",19,22,"19777d02-d07c-45e5-a48b-2a352a3cebba"
"Had the best cinnamon buns of my life today",2025-01-24,"Run",3.88,20.8,"Luteal",21,22,"19777d02-d07c-45e5-a48b-2a352a3cebba"
"Fetty waaapppp",2025-01-25,"Run",27.98,179.9,"Luteal",22,22,"19777d02-d07c-45e5-a48b-2a352a3cebba"
"Afternoon Run",2025-01-26,"Run",6.87,38.5,"Menstrual",1,23,"19777d02-d07c-45e5-a48b-2a352a3cebba"
"Nike after dark run",2025-01-27,"Run",5.43,27.5,"Menstrual",2,23,"19777d02-d07c-45e5-a48b-2a352a3cebba"
"Morning Run",2025-01-27,"Run",1.61,7.7,"Menstrual",2,23,"19777d02-d07c-45e5-a48b-2a352a3cebba"
"Afternoon Weight Training",2025-01-28,"WeightTraining",0,89.9,"Menstrual",3,23,"19777d02-d07c-45e5-a48b-2a352a3cebba"
"Majestic Morning Run",2025-01-29,"Run",9.95,55.5,"Menstrual",4,23,"19777d02-d07c-45e5-a48b-2a352a3cebba"
"Morning Swim",2025-01-30,"Swim",0.46,10.4,"Menstrual",5,23,"19777d02-d07c-45e5-a48b-2a352a3cebba"
"Had ourselves a day",2025-01-31,"Run",42.37,290.3,"Follicular",6,23,"19777d02-d07c-45e5-a48b-2a352a3cebba"
"A BEAUTIFUL morning",2025-02-01,"Run",6.55,37.4,"Follicular",7,23,"19777d02-d07c-45e5-a48b-2a352a3cebba"
"Evening Walk",2025-02-02,"Walk",2.78,30.6,"Follicular",8,23,"19777d02-d07c-45e5-a48b-2a352a3cebba"
"Morning Walk",2025-02-03,"Walk",1.6,20.1,"Follicular",9,23,"19777d02-d07c-45e5-a48b-2a352a3cebba"
"Afternoon Run",2025-02-04,"Run",2.89,18.1,"Follicular",10,23,"19777d02-d07c-45e5-a48b-2a352a3cebba"
"Morning Walk",2025-02-04,"Walk",1.82,20.1,"Follicular",10,23,"19777d02-d07c-45e5-a48b-2a352a3cebba"
"Night Run",2025-02-05,"Run",1.78,10.8,"Follicular",11,23,"19777d02-d07c-45e5-a48b-2a352a3cebba"
"Evening Weight Training",2025-02-06,"WeightTraining",0,91.9,"Follicular",12,23,"19777d02-d07c-45e5-a48b-2a352a3cebba"
"Afternoon Weight Training",2025-02-07,"WeightTraining",0,73.7,"Follicular",13,23,"19777d02-d07c-45e5-a48b-2a352a3cebba"
"Afternoon Weight Training",2025-02-11,"WeightTraining",0,37.4,"Luteal",17,23,"19777d02-d07c-45e5-a48b-2a352a3cebba"
"We backkk",2025-02-13,"Run",3.33,19.2,"Luteal",19,23,"19777d02-d07c-45e5-a48b-2a352a3cebba"
"Lunch Swim",2025-02-16,"Swim",0.5,12.1,"Luteal",22,23,"19777d02-d07c-45e5-a48b-2a352a3cebba"
"Morning Run",2025-02-18,"Run",1.63,8.8,"Luteal",24,23,"19777d02-d07c-45e5-a48b-2a352a3cebba"
"Evening Run",2025-02-19,"Run",2.9,16.3,"Luteal",25,23,"19777d02-d07c-45e5-a48b-2a352a3cebba"
"Morning Run",2025-02-19,"Run",1.73,8.9,"Luteal",25,23,"19777d02-d07c-45e5-a48b-2a352a3cebba"
"Night Run",2025-02-26,"Run",1.61,8.7,"Luteal",32,23,"19777d02-d07c-45e5-a48b-2a352a3cebba"
"Sunset run",2025-02-26,"Run",10.83,60.3,"Luteal",32,23,"19777d02-d07c-45e5-a48b-2a352a3cebba"
"Evening Run",2025-03-02,"Run",4.85,26.7,"Luteal",36,23,"19777d02-d07c-45e5-a48b-2a352a3cebba"
"Afternoon Yoga",2025-03-03,"Yoga",0,62,"Luteal",37,23,"19777d02-d07c-45e5-a48b-2a352a3cebba"
"Afternoon Pilates",2025-03-04,"Workout",0,42.5,"Luteal",38,23,"19777d02-d07c-45e5-a48b-2a352a3cebba"
"Afternoon Swim",2025-03-09,"Swim",0.46,11.9,"Luteal",43,23,"19777d02-d07c-45e5-a48b-2a352a3cebba"
"Morning Swim",2025-03-12,"Swim",1.67,45.9,"Luteal",46,23,"19777d02-d07c-45e5-a48b-2a352a3cebba"
"Lunch Swim",2025-03-13,"Swim",1.39,45.5,"Menstrual",1,24,"19777d02-d07c-45e5-a48b-2a352a3cebba"
"Lunch Swim",2025-03-17,"Swim",0.59,14.8,"Menstrual",5,24,"19777d02-d07c-45e5-a48b-2a352a3cebba"
"Afternoon Swim",2025-03-18,"Swim",0.66,18.6,"Follicular",6,24,"19777d02-d07c-45e5-a48b-2a352a3cebba"
"Afternoon Swim",2025-03-19,"Swim",0.69,18.2,"Follicular",7,24,"19777d02-d07c-45e5-a48b-2a352a3cebba"
"Evening Swim",2025-03-20,"Swim",0.73,21.5,"Follicular",8,24,"19777d02-d07c-45e5-a48b-2a352a3cebba"
"Afternoon Swim",2025-03-21,"Swim",0.82,22.6,"Follicular",9,24,"19777d02-d07c-45e5-a48b-2a352a3cebba"
"Afternoon Swim",2025-03-23,"Swim",0.75,20.6,"Follicular",11,24,"19777d02-d07c-45e5-a48b-2a352a3cebba"
"Evening Walk",2025-03-24,"Walk",1.73,23.8,"Follicular",12,24,"19777d02-d07c-45e5-a48b-2a352a3cebba"
"Afternoon Swim",2025-03-24,"Swim",0.96,24.1,"Follicular",12,24,"19777d02-d07c-45e5-a48b-2a352a3cebba"
"Evening Swim",2025-03-26,"Swim",0.82,19,"Ovulatory",14,24,"19777d02-d07c-45e5-a48b-2a352a3cebba"
